Workbook

Sheet Dashboard
A1: Executive rollup for PROD, PT, and UAT load balancer implementation across 51 Kafka clusters. | B1: Executive rollup for PROD, PT, and UAT load balancer implementation across 51 Kafka clusters. | C1: Executive rollup for PROD, PT, and UAT load balancer implementation across 51 Kafka clusters. | D1: Executive rollup for PROD, PT, and UAT load balancer implementation across 51 Kafka clusters. | E1: Executive rollup for PROD, PT, and UAT load balancer implementation across 51 Kafka clusters. | F1: Executive rollup for PROD, PT, and UAT load balancer implementation across 51 Kafka clusters. | G1: Executive rollup for PROD, PT, and UAT load balancer implementation across 51 Kafka clusters. | H1: Executive rollup for PROD, PT, and UAT load balancer implementation across 51 Kafka clusters. | I1: Executive rollup for PROD, PT, and UAT load balancer implementation across 51 Kafka clusters. | J1: Executive rollup for PROD, PT, and UAT load balancer implementation across 51 Kafka clusters. | K1: Executive rollup for PROD, PT, and UAT load balancer implementation across 51 Kafka clusters. | L1: Executive rollup for PROD, PT, and UAT load balancer implementation across 51 Kafka clusters. | M1: Executive rollup for PROD, PT, and UAT load balancer implementation across 51 Kafka clusters. | N1: Executive rollup for PROD, PT, and UAT load balancer implementation across 51 Kafka clusters.
A2: Executive rollup for PROD, PT, and UAT load balancer implementation across 51 Kafka clusters. | B2: Executive rollup for PROD, PT, and UAT load balancer implementation across 51 Kafka clusters. | C2: Executive rollup for PROD, PT, and UAT load balancer implementation across 51 Kafka clusters. | D2: Executive rollup for PROD, PT, and UAT load balancer implementation across 51 Kafka clusters. | E2: Executive rollup for PROD, PT, and UAT load balancer implementation across 51 Kafka clusters. | F2: Executive rollup for PROD, PT, and UAT load balancer implementation across 51 Kafka clusters. | G2: Executive rollup for PROD, PT, and UAT load balancer implementation across 51 Kafka clusters. | H2: Executive rollup for PROD, PT, and UAT load balancer implementation across 51 Kafka clusters. | I2: Executive rollup for PROD, PT, and UAT load balancer implementation across 51 Kafka clusters. | J2: Executive rollup for PROD, PT, and UAT load balancer implementation across 51 Kafka clusters. | K2: Executive rollup for PROD, PT, and UAT load balancer implementation across 51 Kafka clusters. | L2: Executive rollup for PROD, PT, and UAT load balancer implementation across 51 Kafka clusters. | M2: Executive rollup for PROD, PT, and UAT load balancer implementation across 51 Kafka clusters. | N2: Executive rollup for PROD, PT, and UAT load balancer implementation across 51 Kafka clusters.
A4: Metric | B4: Value | D4: Environment | E4: Clusters | F4: Completed | G4: Blocked | H4: Avg Complete | I4: MRC Clusters
A5: Total Clusters | B5: =COUNTA('Cluster Tracker'!B5:B55) -> 51 | D5: PROD | E5: =COUNTIF('Cluster Tracker'!A5:A55,D5) -> 17 | F5: =COUNTIFS('Cluster Tracker'!A5:A55,D5,'Cluster Tracker'!V5:V55,"Completed") -> 0 | G5: =COUNTIFS('Cluster Tracker'!A5:A55,D5,'Cluster Tracker'!V5:V55,"Blocked") -> 0 | H5: =AVERAGEIF('Cluster Tracker'!A5:A55,D5,'Cluster Tracker'!U5:U55) -> 0 | I5: =COUNTIFS('Cluster Tracker'!A5:A55,D5,'Cluster Tracker'!C5:C55,"MRC") -> 6
A6: Completed | B6: =COUNTIF('Cluster Tracker'!V5:V55,"Completed") -> 0 | D6: PT | E6: =COUNTIF('Cluster Tracker'!A5:A55,D6) -> 17 | F6: =COUNTIFS('Cluster Tracker'!A5:A55,D6,'Cluster Tracker'!V5:V55,"Completed") -> 0 | G6: =COUNTIFS('Cluster Tracker'!A5:A55,D6,'Cluster Tracker'!V5:V55,"Blocked") -> 0 | H6: =AVERAGEIF('Cluster Tracker'!A5:A55,D6,'Cluster Tracker'!U5:U55) -> 0 | I6: =COUNTIFS('Cluster Tracker'!A5:A55,D6,'Cluster Tracker'!C5:C55,"MRC") -> 6
A7: In Progress | B7: =COUNTIFS('Cluster Tracker'!V5:V55,"<>Completed",'Cluster Tracker'!V5:V55,"<>Not Started",'Cluster Tracker'!V5:V55,"<>Blocked") -> 0 | D7: UAT | E7: =COUNTIF('Cluster Tracker'!A5:A55,D7) -> 17 | F7: =COUNTIFS('Cluster Tracker'!A5:A55,D7,'Cluster Tracker'!V5:V55,"Completed") -> 0 | G7: =COUNTIFS('Cluster Tracker'!A5:A55,D7,'Cluster Tracker'!V5:V55,"Blocked") -> 0 | H7: =AVERAGEIF('Cluster Tracker'!A5:A55,D7,'Cluster Tracker'!U5:U55) -> 0 | I7: =COUNTIFS('Cluster Tracker'!A5:A55,D7,'Cluster Tracker'!C5:C55,"MRC") -> 6
A8: Blocked | B8: =COUNTIF('Cluster Tracker'!V5:V55,"Blocked") -> 0 | D8: Total | E8: =SUM(E5:E7) -> 51 | F8: =SUM(F5:F7) -> 0 | G8: =SUM(G5:G7) -> 0 | H8: =AVERAGE(H5:H7) -> 0 | I8: =SUM(I5:I7) -> 18
A9: Overall Complete | B9: =AVERAGE('Cluster Tracker'!U5:U55) -> 0
A12: Status | B12: Count | C12: Share | E12: Next Action Queue | F12: Environment | G12: Cluster | H12: Next Thing To Do
A13: Not Started | B13: =COUNTIF('Cluster Tracker'!V5:V55,A13) -> 51 | C13: =IFERROR(B13/$B$5,0) -> 1 | E13: 1 | F13: =IFERROR(INDEX('Cluster Tracker'!A$5:A$55,SMALL(IF(('Cluster Tracker'!V$5:V$55<>"Completed")*('Cluster Tracker'!Y$5:Y$55<>""),ROW('Cluster Tracker'!A$5:A$55)-ROW('Cluster Tracker'!A$5)+1),E13)),"") -> PROD | G13: =IFERROR(INDEX('Cluster Tracker'!B$5:B$55,SMALL(IF(('Cluster Tracker'!V$5:V$55<>"Completed")*('Cluster Tracker'!Y$5:Y$55<>""),ROW('Cluster Tracker'!B$5:B$55)-ROW('Cluster Tracker'!B$5)+1),E13)),"") -> prod-kafka-01 | H13: =IFERROR(INDEX('Cluster Tracker'!Y$5:Y$55,SMALL(IF(('Cluster Tracker'!V$5:V$55<>"Completed")*('Cluster Tracker'!Y$5:Y$55<>""),ROW('Cluster Tracker'!Y$5:Y$55)-ROW('Cluster Tracker'!Y$5)+1),E13)),"") -> Confirm LB IP allocation and DNS naming standard
A14: Planned | B14: =COUNTIF('Cluster Tracker'!V5:V55,A14) -> 0 | C14: =IFERROR(B14/$B$5,0) -> 0 | E14: 2 | F14: =IFERROR(INDEX('Cluster Tracker'!A$5:A$55,SMALL(IF(('Cluster Tracker'!V$5:V$55<>"Completed")*('Cluster Tracker'!Y$5:Y$55<>""),ROW('Cluster Tracker'!A$5:A$55)-ROW('Cluster Tracker'!A$5)+1),E14)),"") | G14: =IFERROR(INDEX('Cluster Tracker'!B$5:B$55,SMALL(IF(('Cluster Tracker'!V$5:V$55<>"Completed")*('Cluster Tracker'!Y$5:Y$55<>""),ROW('Cluster Tracker'!B$5:B$55)-ROW('Cluster Tracker'!B$5)+1),E14)),"") | H14: =IFERROR(INDEX('Cluster Tracker'!Y$5:Y$55,SMALL(IF(('Cluster Tracker'!V$5:V$55<>"Completed")*('Cluster Tracker'!Y$5:Y$55<>""),ROW('Cluster Tracker'!Y$5:Y$55)-ROW('Cluster Tracker'!Y$5)+1),E14)),"")
A15: IP Reserved | B15: =COUNTIF('Cluster Tracker'!V5:V55,A15) -> 0 | C15: =IFERROR(B15/$B$5,0) -> 0 | E15: 3 | F15: =IFERROR(INDEX('Cluster Tracker'!A$5:A$55,SMALL(IF(('Cluster Tracker'!V$5:V$55<>"Completed")*('Cluster Tracker'!Y$5:Y$55<>""),ROW('Cluster Tracker'!A$5:A$55)-ROW('Cluster Tracker'!A$5)+1),E15)),"") | G15: =IFERROR(INDEX('Cluster Tracker'!B$5:B$55,SMALL(IF(('Cluster Tracker'!V$5:V$55<>"Completed")*('Cluster Tracker'!Y$5:Y$55<>""),ROW('Cluster Tracker'!B$5:B$55)-ROW('Cluster Tracker'!B$5)+1),E15)),"") | H15: =IFERROR(INDEX('Cluster Tracker'!Y$5:Y$55,SMALL(IF(('Cluster Tracker'!V$5:V$55<>"Completed")*('Cluster Tracker'!Y$5:Y$55<>""),ROW('Cluster Tracker'!Y$5:Y$55)-ROW('Cluster Tracker'!Y$5)+1),E15)),"")
A16: DNS Created | B16: =COUNTIF('Cluster Tracker'!V5:V55,A16) -> 0 | C16: =IFERROR(B16/$B$5,0) -> 0 | E16: 4 | F16: =IFERROR(INDEX('Cluster Tracker'!A$5:A$55,SMALL(IF(('Cluster Tracker'!V$5:V$55<>"Completed")*('Cluster Tracker'!Y$5:Y$55<>""),ROW('Cluster Tracker'!A$5:A$55)-ROW('Cluster Tracker'!A$5)+1),E16)),"") | G16: =IFERROR(INDEX('Cluster Tracker'!B$5:B$55,SMALL(IF(('Cluster Tracker'!V$5:V$55<>"Completed")*('Cluster Tracker'!Y$5:Y$55<>""),ROW('Cluster Tracker'!B$5:B$55)-ROW('Cluster Tracker'!B$5)+1),E16)),"") | H16: =IFERROR(INDEX('Cluster Tracker'!Y$5:Y$55,SMALL(IF(('Cluster Tracker'!V$5:V$55<>"Completed")*('Cluster Tracker'!Y$5:Y$55<>""),ROW('Cluster Tracker'!Y$5:Y$55)-ROW('Cluster Tracker'!Y$5)+1),E16)),"")
A17: LB Configured | B17: =COUNTIF('Cluster Tracker'!V5:V55,A17) -> 0 | C17: =IFERROR(B17/$B$5,0) -> 0 | E17: 5 | F17: =IFERROR(INDEX('Cluster Tracker'!A$5:A$55,SMALL(IF(('Cluster Tracker'!V$5:V$55<>"Completed")*('Cluster Tracker'!Y$5:Y$55<>""),ROW('Cluster Tracker'!A$5:A$55)-ROW('Cluster Tracker'!A$5)+1),E17)),"") | G17: =IFERROR(INDEX('Cluster Tracker'!B$5:B$55,SMALL(IF(('Cluster Tracker'!V$5:V$55<>"Completed")*('Cluster Tracker'!Y$5:Y$55<>""),ROW('Cluster Tracker'!B$5:B$55)-ROW('Cluster Tracker'!B$5)+1),E17)),"") | H17: =IFERROR(INDEX('Cluster Tracker'!Y$5:Y$55,SMALL(IF(('Cluster Tracker'!V$5:V$55<>"Completed")*('Cluster Tracker'!Y$5:Y$55<>""),ROW('Cluster Tracker'!Y$5:Y$55)-ROW('Cluster Tracker'!Y$5)+1),E17)),"")
A18: Validation | B18: =COUNTIF('Cluster Tracker'!V5:V55,A18) -> 0 | C18: =IFERROR(B18/$B$5,0) -> 0 | E18: 6 | F18: =IFERROR(INDEX('Cluster Tracker'!A$5:A$55,SMALL(IF(('Cluster Tracker'!V$5:V$55<>"Completed")*('Cluster Tracker'!Y$5:Y$55<>""),ROW('Cluster Tracker'!A$5:A$55)-ROW('Cluster Tracker'!A$5)+1),E18)),"") | G18: =IFERROR(INDEX('Cluster Tracker'!B$5:B$55,SMALL(IF(('Cluster Tracker'!V$5:V$55<>"Completed")*('Cluster Tracker'!Y$5:Y$55<>""),ROW('Cluster Tracker'!B$5:B$55)-ROW('Cluster Tracker'!B$5)+1),E18)),"") | H18: =IFERROR(INDEX('Cluster Tracker'!Y$5:Y$55,SMALL(IF(('Cluster Tracker'!V$5:V$55<>"Completed")*('Cluster Tracker'!Y$5:Y$55<>""),ROW('Cluster Tracker'!Y$5:Y$55)-ROW('Cluster Tracker'!Y$5)+1),E18)),"")
A19: Completed | B19: =COUNTIF('Cluster Tracker'!V5:V55,A19) -> 0 | C19: =IFERROR(B19/$B$5,0) -> 0
A20: Blocked | B20: =COUNTIF('Cluster Tracker'!V5:V55,A20) -> 0 | C20: =IFERROR(B20/$B$5,0) -> 0

Sheet Cluster Tracker
A1: Track cluster load balancer IP/DNS, MRC VAP/WIP details, build milestones, current status, percent complete, and next action. | B1: Track cluster load balancer IP/DNS, MRC VAP/WIP details, build milestones, current status, percent complete, and next action. | C1: Track cluster load balancer IP/DNS, MRC VAP/WIP details, build milestones, current status, percent complete, and next action. | D1: Track cluster load balancer IP/DNS, MRC VAP/WIP details, build milestones, current status, percent complete, and next action. | E1: Track cluster load balancer IP/DNS, MRC VAP/WIP details, build milestones, current status, percent complete, and next action. | F1: Track cluster load balancer IP/DNS, MRC VAP/WIP details, build milestones, current status, percent complete, and next action. | G1: Track cluster load balancer IP/DNS, MRC VAP/WIP details, build milestones, current status, percent complete, and next action. | H1: Track cluster load balancer IP/DNS, MRC VAP/WIP details, build milestones, current status, percent complete, and next action. | I1: Track cluster load balancer IP/DNS, MRC VAP/WIP details, build milestones, current status, percent complete, and next action. | J1: Track cluster load balancer IP/DNS, MRC VAP/WIP details, build milestones, current status, percent complete, and next action. | K1: Track cluster load balancer IP/DNS, MRC VAP/WIP details, build milestones, current status, percent complete, and next action. | L1: Track cluster load balancer IP/DNS, MRC VAP/WIP details, build milestones, current status, percent complete, and next action. | M1: Track cluster load balancer IP/DNS, MRC VAP/WIP details, build milestones, current status, percent complete, and next action. | N1: Track cluster load balancer IP/DNS, MRC VAP/WIP details, build milestones, current status, percent complete, and next action. | O1: Track cluster load balancer IP/DNS, MRC VAP/WIP details, build milestones, current status, percent complete, and next action. | P1: Track cluster load balancer IP/DNS, MRC VAP/WIP details, build milestones, current status, percent complete, and next action. | Q1: Track cluster load balancer IP/DNS, MRC VAP/WIP details, build milestones, current status, percent complete, and next action. | R1: Track cluster load balancer IP/DNS, MRC VAP/WIP details, build milestones, current status, percent complete, and next action. | S1: Track cluster load balancer IP/DNS, MRC VAP/WIP details, build milestones, current status, percent complete, and next action. | T1: Track cluster load balancer IP/DNS, MRC VAP/WIP details, build milestones, current status, percent complete, and next action. | U1: Track cluster load balancer IP/DNS, MRC VAP/WIP details, build milestones, current status, percent complete, and next action. | V1: Track cluster load balancer IP/DNS, MRC VAP/WIP details, build milestones, current status, percent complete, and next action. | W1: Track cluster load balancer IP/DNS, MRC VAP/WIP details, build milestones, current status, percent complete, and next action. | X1: Track cluster load balancer IP/DNS, MRC VAP/WIP details, build milestones, current status, percent complete, and next action. | Y1: Track cluster load balancer IP/DNS, MRC VAP/WIP details, build milestones, current status, percent complete, and next action. | Z1: Track cluster load balancer IP/DNS, MRC VAP/WIP details, build milestones, current status, percent complete, and next action.
A2: Track cluster load balancer IP/DNS, MRC VAP/WIP details, build milestones, current status, percent complete, and next action. | B2: Track cluster load balancer IP/DNS, MRC VAP/WIP details, build milestones, current status, percent complete, and next action. | C2: Track cluster load balancer IP/DNS, MRC VAP/WIP details, build milestones, current status, percent complete, and next action. | D2: Track cluster load balancer IP/DNS, MRC VAP/WIP details, build milestones, current status, percent complete, and next action. | E2: Track cluster load balancer IP/DNS, MRC VAP/WIP details, build milestones, current status, percent complete, and next action. | F2: Track cluster load balancer IP/DNS, MRC VAP/WIP details, build milestones, current status, percent complete, and next action. | G2: Track cluster load balancer IP/DNS, MRC VAP/WIP details, build milestones, current status, percent complete, and next action. | H2: Track cluster load balancer IP/DNS, MRC VAP/WIP details, build milestones, current status, percent complete, and next action. | I2: Track cluster load balancer IP/DNS, MRC VAP/WIP details, build milestones, current status, percent complete, and next action. | J2: Track cluster load balancer IP/DNS, MRC VAP/WIP details, build milestones, current status, percent complete, and next action. | K2: Track cluster load balancer IP/DNS, MRC VAP/WIP details, build milestones, current status, percent complete, and next action. | L2: Track cluster load balancer IP/DNS, MRC VAP/WIP details, build milestones, current status, percent complete, and next action. | M2: Track cluster load balancer IP/DNS, MRC VAP/WIP details, build milestones, current status, percent complete, and next action. | N2: Track cluster load balancer IP/DNS, MRC VAP/WIP details, build milestones, current status, percent complete, and next action. | O2: Track cluster load balancer IP/DNS, MRC VAP/WIP details, build milestones, current status, percent complete, and next action. | P2: Track cluster load balancer IP/DNS, MRC VAP/WIP details, build milestones, current status, percent complete, and next action. | Q2: Track cluster load balancer IP/DNS, MRC VAP/WIP details, build milestones, current status, percent complete, and next action. | R2: Track cluster load balancer IP/DNS, MRC VAP/WIP details, build milestones, current status, percent complete, and next action. | S2: Track cluster load balancer IP/DNS, MRC VAP/WIP details, build milestones, current status, percent complete, and next action. | T2: Track cluster load balancer IP/DNS, MRC VAP/WIP details, build milestones, current status, percent complete, and next action. | U2: Track cluster load balancer IP/DNS, MRC VAP/WIP details, build milestones, current status, percent complete, and next action. | V2: Track cluster load balancer IP/DNS, MRC VAP/WIP details, build milestones, current status, percent complete, and next action. | W2: Track cluster load balancer IP/DNS, MRC VAP/WIP details, build milestones, current status, percent complete, and next action. | X2: Track cluster load balancer IP/DNS, MRC VAP/WIP details, build milestones, current status, percent complete, and next action. | Y2: Track cluster load balancer IP/DNS, MRC VAP/WIP details, build milestones, current status, percent complete, and next action. | Z2: Track cluster load balancer IP/DNS, MRC VAP/WIP details, build milestones, current status, percent complete, and next action.
A4: Environment | B4: Cluster Name | C4: Cluster Type | D4: Service | E4: LB IP Address | F4: LB DNS Name | G4: VAP Name | H4: VAP IP Address | I4: VAP DNS Name | J4: WIP 1 Name | K4: WIP 1 IP Address | L4: WIP 1 DNS Name | M4: WIP 2 Name | N4: WIP 2 IP Address | O4: WIP 2 DNS Name | P4: IP Reserved | Q4: DNS Created | R4: LB Configured | S4: Health Check Passed | T4: Cutover Validated | U4: Progress % | V4: Status | W4: Owner | X4: Target Date | Y4: Next Thing To Do | Z4: Comments
A5: PROD | B5: prod-kafka-01 | C5: Normal | D5: Kafka Bootstrap | G5: N/A | J5: N/A | M5: N/A | P5: No | Q5: No | R5: No | S5: No | T5: No | U5: =IFERROR(COUNTIF(P5:T5,"Yes")/(COUNTIF(P5:T5,"Yes")+COUNTIF(P5:T5,"No")),0) -> 0 | V5: Not Started | Y5: Confirm LB IP allocation and DNS naming standard
A6: PROD | B6: prod-kafka-02 | C6: Normal | D6: Kafka Broker | G6: N/A | J6: N/A | M6: N/A | P6: No | Q6: No | R6: No | S6: No | T6: No | U6: =IFERROR(COUNTIF(P6:T6,"Yes")/(COUNTIF(P6:T6,"Yes")+COUNTIF(P6:T6,"No")),0) -> 0 | V6: Not Started | Y6: Confirm LB IP allocation and DNS naming standard
A7: PROD | B7: prod-kafka-03 | C7: Normal | D7: Schema Registry | G7: N/A | J7: N/A | M7: N/A | P7: No | Q7: No | R7: No | S7: No | T7: No | U7: =IFERROR(COUNTIF(P7:T7,"Yes")/(COUNTIF(P7:T7,"Yes")+COUNTIF(P7:T7,"No")),0) -> 0 | V7: Not Started | Y7: Confirm LB IP allocation and DNS naming standard
A8: PROD | B8: prod-kafka-04 | C8: MRC | D8: Kafka Connect | G8: prod-vap-04 | J8: prod-wip-a-04 | M8: prod-wip-b-04 | P8: No | Q8: No | R8: No | S8: No | T8: No | U8: =IFERROR(COUNTIF(P8:T8,"Yes")/(COUNTIF(P8:T8,"Yes")+COUNTIF(P8:T8,"No")),0) -> 0 | V8: Not Started | Y8: Confirm LB IP allocation and DNS naming standard
A9: PROD | B9: prod-kafka-05 | C9: Normal | D9: KSQL | G9: N/A | J9: N/A | M9: N/A | P9: No | Q9: No | R9: No | S9: No | T9: No | U9: =IFERROR(COUNTIF(P9:T9,"Yes")/(COUNTIF(P9:T9,"Yes")+COUNTIF(P9:T9,"No")),0) -> 0 | V9: Not Started | Y9: Confirm LB IP allocation and DNS naming standard
A10: PROD | B10: prod-kafka-06 | C10: Normal | D10: MirrorMaker | G10: N/A | J10: N/A | M10: N/A | P10: No | Q10: No | R10: No | S10: No | T10: No | U10: =IFERROR(COUNTIF(P10:T10,"Yes")/(COUNTIF(P10:T10,"Yes")+COUNTIF(P10:T10,"No")),0) -> 0 | V10: Not Started | Y10: Confirm LB IP allocation and DNS naming standard
A11: PROD | B11: prod-kafka-07 | C11: MRC | D11: Admin/API | G11: prod-vap-07 | J11: prod-wip-a-07 | M11: prod-wip-b-07 | P11: No | Q11: No | R11: No | S11: No | T11: No | U11: =IFERROR(COUNTIF(P11:T11,"Yes")/(COUNTIF(P11:T11,"Yes")+COUNTIF(P11:T11,"No")),0) -> 0 | V11: Not Started | Y11: Confirm LB IP allocation and DNS naming standard
A12: PROD | B12: prod-kafka-08 | C12: MRC | D12: Kafka Bootstrap | G12: prod-vap-08 | J12: prod-wip-a-08 | M12: prod-wip-b-08 | P12: No | Q12: No | R12: No | S12: No | T12: No | U12: =IFERROR(COUNTIF(P12:T12,"Yes")/(COUNTIF(P12:T12,"Yes")+COUNTIF(P12:T12,"No")),0) -> 0 | V12: Not Started | Y12: Confirm LB IP allocation and DNS naming standard
A13: PROD | B13: prod-kafka-09 | C13: Normal | D13: Kafka Broker | G13: N/A | J13: N/A | M13: N/A | P13: No | Q13: No | R13: No | S13: No | T13: No | U13: =IFERROR(COUNTIF(P13:T13,"Yes")/(COUNTIF(P13:T13,"Yes")+COUNTIF(P13:T13,"No")),0) -> 0 | V13: Not Started | Y13: Confirm LB IP allocation and DNS naming standard
A14: PROD | B14: prod-kafka-10 | C14: Normal | D14: Schema Registry | G14: N/A | J14: N/A | M14: N/A | P14: No | Q14: No | R14: No | S14: No | T14: No | U14: =IFERROR(COUNTIF(P14:T14,"Yes")/(COUNTIF(P14:T14,"Yes")+COUNTIF(P14:T14,"No")),0) -> 0 | V14: Not Started | Y14: Confirm LB IP allocation and DNS naming standard
A15: PROD | B15: prod-kafka-11 | C15: Normal | D15: Kafka Connect | G15: N/A | J15: N/A | M15: N/A | P15: No | Q15: No | R15: No | S15: No | T15: No | U15: =IFERROR(COUNTIF(P15:T15,"Yes")/(COUNTIF(P15:T15,"Yes")+COUNTIF(P15:T15,"No")),0) -> 0 | V15: Not Started | Y15: Confirm LB IP allocation and DNS naming standard
A16: PROD | B16: prod-kafka-12 | C16: MRC | D16: KSQL | G16: prod-vap-12 | J16: prod-wip-a-12 | M16: prod-wip-b-12 | P16: No | Q16: No | R16: No | S16: No | T16: No | U16: =IFERROR(COUNTIF(P16:T16,"Yes")/(COUNTIF(P16:T16,"Yes")+COUNTIF(P16:T16,"No")),0) -> 0 | V16: Not Started | Y16: Confirm LB IP allocation and DNS naming standard
... A55: UAT | B55: uat-kafka-17 | C55: Normal | D55: Schema Registry | G55: N/A | J55: N/A | M55: N/A | P55: No | Q55: No | R55: No | S55: No | T55: No | U55: =IFERROR(COUNTIF(P55:T55,"Yes")/(COUNTIF(P55:T55,"Yes")+COUNTIF(P55:T55,"No")),0) -> 0 | V55: Not Started | Y55: Confirm LB IP allocation and DNS naming standard

Sheet Lists
A1: Status | B1: Cluster Type | C1: Service | D1: Yes/No/N/A | E1: Environment
A2: Not Started | B2: Normal | C2: Kafka Bootstrap | D2: No | E2: PROD
A3: Planned | B3: MRC | C3: Kafka Broker | D3: Yes | E3: PT
A4: IP Reserved | C4: Schema Registry | D4: N/A | E4: UAT
A5: DNS Created | C5: Kafka Connect
A6: LB Configured | C6: KSQL
A7: Validation | C7: MirrorMaker
A8: Completed | C8: Admin/API
A9: Blocked
